[
  {
    "rut": "12.345.678-9",
    "nombre": "María González",
    "medicamentos": [
      {
        "nombre": "Losartán 50 mg",
        "estado": "Disponible",
        "fecha": "21-01-2026"
      },
      {
        "nombre": "Metformina 850 mg",
        "estado": "Disponible",
        "fecha": "21-01-2026"
      },
      {
        "nombre": "Atorvastatina 20 mg",
        "estado": "En preparación",
        "fecha": "23-01-2026"
      }
    ]
  },
  {
    "rut": "9.876.543-2",
    "nombre": "Juan Pérez",
    "medicamentos": [
      {
        "nombre": "Carvedilol 6,25 mg",
        "estado": "Disponible",
        "fecha": "20-01-2026"
      },
      {
        "nombre": "Espironolactona 25 mg",
        "estado": "No disponible",
        "fecha": "Pendiente"
      }
    ]
  }
]
